cat,name,price
Artificial Topiary Trees,2 x Artificial Topiary Boxwood Spiral Trees (5ft/150cm),
Artificial Cone Tree,2 x Artificial Trees 3ft Pyramid Cones – Indoor artificial trees – Topiary trees,
Artificial Topiary Trees,Best Artificial Natural Look 3ft 90cm Boxwood Topiary Spiral Tree UV Fade Protected,
Artificial Topiary Trees,Outsunny Set of 2 Artificial Boxwood Ball Topiary Trees Potted Decorative Plant Outdoor and Indoor Décor (67cm),
Artificial Topiary Trees,Triple Ball Artificial Boxwood Topiary Trees 4ft/120cm – Best Quality (Pack of 2),
Artificial Laurel Tree,4ft Artificial Laurel Bay Plant Indoor Topiary Trees in pot Fake Plant 120cm Artificial Bay Laurel Topiary Garden Decor Green,
Fake Bay Tree,"CHRISTOW Artificial Bay Tree In Pot, Large 3ft 4ft Tall Indoor Outdoor Garden Topiary Ball, Twisted Wooden Trunk, Realistic Lush Green Leaves, Home Office Restaurant, (4ft, 1 pack)",
Fake Bay Tree,FabFinds Artificial Topiary Tree Pyramid Bay Potted Tree Plant for Garden Patio Outdoor and Indoors – 70cm Tall,
Artificial Laurel Tree,"Leaf LEAF-7089 Artificial Stem Topiary Bay Tree Laurel Ball Style in Black Plastic Pot, Green Twist, 120cm (4ft)",
Fake Bay Tree,mewmewcat Artificial Bay Tree with Pot for Entryway Living Room or Office Decor Realistic Look 120 cm,
Fake Bay Tree,Olive Grove Set of 2-1.6M Tall Artificial Bay Trees With Pots,
Fake Banyan Trees,Handmade Artificial Banyan Tree,
Fake Banyan Trees,Marko Gardening 120cm Artificial Tree Realistic Potted Indoor Outdoor Home Bamboo Olive Banyan (Pair of Trees – Artificial Banyan Tree),
Fake Cherry Blossom Tree,"BCXGS Artificial Cherry Blossom Flowers for Home Wedding Party Garden Office Decoration Silk Plants, Big Tree Fake Vines Flowers",
Fake Cherry Blossom Tree,BCXGS Artificial Cherry Blossom Flowers Simulated Artificial Cherry Blossom Tree – for Indoor/Outdoor/Party/Restaurant/Mall Artificial Plant 1.5 m,
Fake Cherry Blossom Tree,BCXGS Handmade Gorgeous Artificial Flower Pink Cherry Blossom Tree Fake Vines Flowers for Home Wedding Party Garden Office Christmas decoration,
Fake Cherry Blossom Tree,XHN Beautiful Artificial Flower Pink Large Simulation Cherry Blossom Tree for Wedding Party Indoor and Outdoor Home Decoration(3m),
Fake Cherry Blossom Tree,YLLSQ Artificial Cherry Blossom Trees Pure White Cherry Blossom Tree Arch Pink Fake Sakura Flowers Indoor Outdoor Home (10FT/3m),
Fake Bonsai Trees,14.1″ Artificial Bonsai Tree Fake Plant Japanese Bonsai Decoration Potted Faux Pine Plants Bonsai Tree for Indoor/Outdoor Home Office Hotel Décor,
Fake Bonsai Trees,"Artificial Bonsai Tree Artificial Bonsai Welcoming Pine Tree Simulation Potted Plant Decorative Bonsai, Desk Display Fake Tree in Ceramic Pot for Home, Office, Shop Decorative Gifts Simulation Tree",
Fake Bonsai Trees,"Artificial Bonsai Tree, 50cm",
Fake Bonsai Trees,Artificial Bonsai Tree/Welcome Bonsai Simulation Welcoming Pine Artificial Tree Artificial Bonsai Green Plant Potted Plant Indoor New Chinese Style Living Room Coffee Table Decoration Ornaments Faux P,
Fake Bonsai Trees,"artplants.de Artificial Bonsai pine SELENA in a planter, 19″/48cm – Plastic pine bonsai tree",
Fake Bonsai Trees,"artplants.de Artificial Bonsai Tree Pine in planter, 210 needles, 20″/50cm, outdoor – Silk Bonsai/Bonsai Replica",
Artificial Topiary Trees,2 x Artificial Topiary Boxwood Spiral Trees (5ft/150cm),
Artificial Topiary Trees,Best Artificial Natural Look 3ft 90cm Boxwood Topiary Spiral Tree UV Fade Protected,
Fake Boxwood Trees,"GreenBrokers 2 x Premium Quality Artificial Boxwood Pyramid Trees in Square Planter (3ft/90cm), Black, 90cm",
Artificial Topiary Trees,Outsunny Set of 2 Artificial Boxwood Ball Topiary Trees Potted Decorative Plant Outdoor and Indoor Décor (67cm),
Artificial Topiary Trees,Triple Ball Artificial Boxwood Topiary Trees 4ft/120cm – Best Quality (Pack of 2),
Fake Bamboo Trees,Artificial Bamboo Plant with Pot 120cm,
Fake Bamboo Trees,Artificial Bamboo Tree XL 4ft,
Fake Bamboo Trees,Fake Bamboo with Natural Canes,
Fake Bamboo Trees,INMOZATA Artificial Bamboo Tree Artificial Tree Fake Decorative Plants 6ft/180cm High in Pot for Indoor Outdoor Garden,
Fake Bamboo Trees,INMOZATA Artificial Tree Artificial Bamboo Tree Fake Decorative Plants 5ft/150cm High in Pot for Indoor Outdoor Garden,
Fake Bamboo Trees,"Leaf Artificial Bamboo Plants Trees-XL Realistic-120cm, Natural Brown, 120cm",
Fake Banana Trees,"artplants.de Artificial Banana tree AMARU, 6ft/180cm – Fake tree",
Fake Banana Trees,"artplants.de Faux Banana plant BAGHEERA, 6ft/180cm – Silk banana tree/Artificial banana plant",
Fake Banana Trees,"Geko Artificial Banana Tree 140cm Plant – Detailed Fake Plant, Plastic Plant, Rubber Plant, Fake Tree, Artificial Tree",
Fake Banana Trees,vidaXL Artificial Banana Tree Plant with Pot 150cm Green Fake Lifelike Indoor,
Fake Evergreen Trees,"Leaf 100cm Large Fox’s Aglaonema (Spotted Evergreen) Tree Artificial Plant, Green & Silver",
Fake Evergreen Trees,"Leaf Artificial Tree, Evergreen Ficus, 110cm",
Fake Evergreen Trees,Leaf Design UK 95cm Umbrella Tree Dark Green-Extra Large Artificial Evergreen Ficus Plant Black Plastic Pot,
Fake Evergreen Trees,"momoplant Artificial Indoor Plant Decor, 47inch/120cm Evergreen Taro Palm Tree for Home Office",
Fake Olive Tree,Hardy Standard Olive Trees (Pair),
Fake Olive Tree,"Leaf LEAF-7148 Artificial Olive Topiary Fruit Tree Black Plastic Pot Design UK, 90cm (3ft)",
Fake Olive Tree,"Leaf LEAF-7149 Artificial Olive Topiary Fruit Tree Black Plastic Pot-by Design UK, 120cm (4ft)",
Fake Olive Tree,Olive ‘Olea Europa’ Tree | Hardy Ornamental Potted Patio Trees for Small Gardens | Bushy Olea Europaea Plant in Pots | 2-3ft (1 Tree),
Fake Bay Tree,Olive Grove Set of 2-1.6M Tall Artificial Bay Trees With Pots,
Fake Olive Tree,Olive Tree Standard 90-100cm Tall in an 20cm Pot,
Fake Lemon Tree,"Artificial Tree Simulation Lemon With Realistic Fruit With Woven Flower Basket Large Living Room Green Plant Potted Plant Bonsai Interior Decoration,150Cm",
Fake Dracaena Plant,"Dracaena Lemon Lime | houseplant | Height 70 cm | Pot 17 cm | Easy Maintenance (1, Without Pot Cover)",
Fake Lemon Tree,jinyi2016SHOP Artificial Potted Plants Artificial Lemon Tree Plant Artificial Plant Lemon Tree in Weave Pot Potted Fake Plants Flower Home Party Garden Decoration Faux Plants Decor,
Fake Lemon Tree,Lemon Tree (Four Seasons),
Fake Lemon Tree,Lemon Tree Indoor Plant | houseplant | Height 60cm | Pot 22cm | Living Room Ready Potted Citrus Lemon Plant,
Fake Lemon Tree,Lemon Tree Indoor Plant | houseplant | Height 80cm | Pot 22cm | Living Room Ready Potted Citrus Lemon Plant,
Fake Ficus Trees,"GreenBrokers Artificial Variegated Ficus Tree 4ft, Potted Plant",
Fake Ficus Trees,Homescapes 4 Feet Green Ficus Tree With Real Wood Stems and Lifelike Leaves Replica Artificial Plant,
Fake Ficus Trees,"Leaf 120cm Premium Artificial Twist Tree, Dark Bushy Ficus",
Fake Ficus Trees,"Leaf 140cm Realistic Artificial Japanese Fruticosa Ficus Tree, Green &amp Black",
Fake Ficus Trees,"Leaf Artificial Ficus Tree, White Edge Twist, 130cm",
Fake Evergreen Trees,"Leaf Artificial Tree, Evergreen Ficus, 110cm",
Fake Pineapple Trees & Plants,Best Artificial 30cm x 15cm Large Realistic Pineapple Fruit,
Fake Pineapple Trees & Plants,BLASCOOL Fake Plants Artificial Succulent Decor – Fake Pineapple Faux Decorative Plants in Port for Home Kitchen Bathroom bedroomby (Rosegold),
Fake Pineapple Trees & Plants,BUZZ Miniature Artificial Pineapple Plant/Succulent/Houseplant in White Pineapple Shape Ceramic Plant Pot with Pebble Detail – 12cm,
Fake Pineapple Trees & Plants,Fauge 4Pack Artificial Pineapple Grass Air Plants Fake Flowers Faux Flocking Tillandsia Bromeliads Home Garden Decor,
Fake Pineapple Trees & Plants,"Geko Artificial Pineapple Tree 68cm, Green, Large, One Size",
Fake Pineapple Trees & Plants,"Lvydec Potted Artificial Succulent Decoration, Fake Pineapple Plant for Home Office Tabletop Decoration (White)",
Fake Orange Tree,Closer to Nature Artificial 3ft 3″ Orange Tree – Artificial Silk Plant and Tree Range,
Fake Orange Tree,Closer2Nature FT044OW Artificial 1ft 3” Mini Orange Tree,
Fake Orange Tree,Garden Market Place Artificial Plants – 1.2M Tall Artificial Orange Tree With Pot,
Fake Orange Tree,"Kumquat Tree | Orange Tree Plant | Fruit Tree | houseplant | Height 50cm | Pot 15cm | Potted Citrus Tree (50, Without Pot Cover)",
Fake Orange Tree,Mini Orange Tree 25cm – 1 Tree,
Fake Pyramid Trees,2 x Artificial Boxwood Topiary Pyramid Trees in Black Square Planter (4ft/120cm),
Artificial Cone Tree,2 x Artificial Trees 3ft Pyramid Cones – Indoor artificial trees – Topiary trees,
Artificial Cone Tree,Artificial Tree: 3ft Pyramid Cone,
Fake Bay Tree,FabFinds Artificial Topiary Tree Pyramid Bay Potted Tree Plant for Garden Patio Outdoor and Indoors – 70cm Tall,
Fake Boxwood Trees,"GreenBrokers 2 x Premium Quality Artificial Boxwood Pyramid Trees in Square Planter (3ft/90cm), Black, 90cm",
Artificial Cone Tree,INMOZATA Pair of Artificial Topiary Pyramid Cone Tree Boxwood Plant High for Garden Indoors Outdoor (120cm),
Artificial Alstroemeria Flower,72cm Artificial Alstroemeria – Yellow,
Artificial Alstroemeria Flower,72cm Artificial Alstroemeria Spray – Fuchsia,
Artificial Alstroemeria Flower,Autumn Cream Alstroemeria Lily Spray,
Artificial Alstroemeria Flower,FloristryWarehouse Artificial Alstroemeria Bundle Cream 33cm x 5 Stems,
Artificial Alstroemeria Flower,"Rose and Alstroemeria Glitter Bouquet – Artificial Silk Flowers Bundle Bunch[Light Red,160106019-1]",
Artificial Lillies,Best Artificial 45cm Stargazer Lillies 10 Head Flower lily Spray Bunch (Dark Pink),
Artificial Lillies,FiveSeasonStuff 12 Stems of Artificial White Lily of the Valley Flowers for Home Decorating Wedding Bouquet 38cm (15 inches),
Artificial Lillies,"FiveSeasonStuff 6 Long Stems of Real Touch Artificial White Calla Lily Flowers & Bouquet, for Home Shop Office Restaurant Wedding Party Décor/DIY Flower Arrangement Decoration, 64cm (25.2 inches)",
Artificial Lillies,"KIRIFLY Artificial Flowers,Artificial Plants Outdoor 6 Packs Plastic Flowers Fake Calla Lily Faux Plant UV Resistant Greenery for Garden Home Decor (Colorful)",
Artificial Lillies,"MEIWO Artificial flowers, 5pcs Artificial Lillies with 3 Buds, Full Bloom Artificial Latex Real Touch Flowers for Home Decor, Wedding, Parties, Offices, Restaurants(White)",
Artificial Lillies,"Veryhome 20 Pcs Calla Lily Bridal Bouquet of Flowers Artificial Flower Head Latex Real Touch Home,Party,Wedding Decoration (White-Yellow)",
Fake Palm Trees,Artificial Fan Palm Phoenix Tree Home Office Interior Decoration,
Fake Palm Trees,Best Artificial 150cm / 5ft Areca Palm Tree Tropical Office Conservatory Indoor Outdoor Garden Plant,
Fake Palm Trees,Best Artificial Spider Finger Palm Tree Tropical Office Conservatory Indoor Outdoor Garden Plant … (3ft / 90cm),
Fake Palm Trees,HOMESCAPES Sago Palm Tree Artificial Cycas Plant Home Office Indoor Decorative Plant Green 75 cm (2.5 ft) with Black Pot,
Fake Palm Trees,INMOZATA Artificial Areca Palm Tree Tropcial Plant Decorative Plants in Pot for Indoor Outdoor Garden 130cm,
Fake Palm Trees,"Kentia Palm | Howea forsteriana | houseplant | Indoor Plant | Height 90-150 cm | Pot 19 cm | Living Room Ready Potted Plant (90 cm, Without Pot Cover)",
Artificial Grass,2m x 1.5m Berlin 26mm Pile Height Artificial Grass | Natural & Realistic Looking Astro Garden Lawn | 4 ft 11 Inch x 6 ft 5 Inch | 150cm x 200cm | 59 x 79 Inches | High Density Fake Turf,
Artificial Grass,4m x 2.5m Berlin 26mm Pile Height Artificial Grass | Natural & Realistic Looking Astro Garden Lawn | 8 ft 2 Inch x 12 ft 10 Inch | 250cm x 400cm | 98 x 157 Inches | High Density Fake Turf,
Artificial Grass,4m x 3m ARKMat Ascot 40mm Pile Height Artificial Grass,
Artificial Grass,4m x 3m Berlin 26mm Pile Height Artificial Grass | Natural & Realistic Looking Astro Garden Lawn | 9 ft 10 Inch x 12 ft 10 Inch | 300cm x 400cm | 118 x 157 Inches | High Density Fake Turf,
Artificial Grass,4m x 3m | 20mm Pile Height Loco Artificial Grass | Cheap Natural & Realistic Looking Astro Garden Lawn | High Density Fake Turf | 13ft 1in x 9ft 10in,
Artificial Grass,4m x 3m | Grand 30mm Pile Height Artificial Grass,
Fake Bush,HUAESIN 2 Pcs Fake Plants Outdoor Artificial Shrubs Bundles Plants Faux Plastic Plants Greenery Bushes Home Kitchen Office Garden Windowsill Table Centerpieces Arrangements Indoor Outside Decor,
Fake Bush,Huaesin 4 Pieces Artificial Faux Plants,
Fake Bush,Leixi 6pcs Artificial Plants,
Fake Bush,NAHUAA 4Pcs Outdoor Fake Plants UV Resistant Artificial Greenery Bush Faux Plastic Shrubs for Table Centerpieces Arrangements Indoor Home Kitchen Office Windowsill Decorations,
Fake Bush,Omldggr 12 Bundles Artificial Plants Grass Plastic Greenery Shrub Bushes Plastic Wheat Grass for Indoor Outdoor Home Garden Decoration,
Artificial Buxus Tree,Best Artificial 90cm 3ft Cedar Conifer Spiral Topiary Tree alt Boxwood Buxus **UV Fade Protected**,
Artificial Conifer Tree,Artificial Cedar Pine Cypress Conifer Tree 90cm/3ft Potted Topiary Plant for Indoor Outdoor Decor,
Artificial Cypress Tree,Artificial Cypress Topiary Spiral Tree – 1.2m (4ft) – UV resistant – Indoor/Outdoor Use,
Artificial Cypress Tree,Artificial Cypress Topiary Spiral Tree – 1.5m (5ft) – UV resistant – Indoor/Outdoor Use,
Artificial Fiddle Fig Leaf Tree,BESAMENATURE 30″ Little Artificial Fiddle Leaf Fig Tree/Faux Ficus Lyrata for Home Office Decoration,
Artificial Fiddle Fig Leaf Tree,"Leaf Design UK Artificial Fiddle Fig Tree Plant Black Plastic Pot, Green, 120cm",
Artificial Fiddle Fig Leaf Tree,"Leaf Design UK Artificial Fiddle Fig Tree Plant Black Plastic Pot, Green, 90cm",
Artificial Fiddle Fig Leaf Tree,Leaf Design UK Artificial Realistic Plant Fiddle Fig Tree,
Artificial Fiddle Fig Leaf Tree,NICENATURE 28″ Artificial Fiddle Leaf Fig Tree / Fake Ficus Lyrata Faux Plant in Pot for Office Decoration Home Décor,
Artificial Cone Tree,2 x Artificial Trees 3ft Pyramid Cones – Indoor artificial trees – Topiary trees,
Artificial Cone Tree,3ft Artificial Pyramid Cone Trees Indoor Outdoor Wall Door Decoration Potted Boxwood Plant Topiary Ornamental Tree 90cm (Pair of Artificial Tree),
Artificial Cone Tree,Artificial Tree: 3ft Pyramid Cone,
Artificial Cone Tree,"Artificial Trees – Indoor Outdoor Great Décor Tree – for Home Bedroom Wedding Party – Garden Decoration 3ft / 90cm (Set of 3 Artificial Tree, Pyramid Cone Tree)",
Artificial Cone Tree,Artificial Trees 3ft Pyramid Cone Tree Artificial Topiary Plant 3 feet wood – Outdoor Indoor UK artificial trees – Topiary trees (1),
Artificial Cone Tree,"GreenBrokers Artificial Boxwood Topiary Cone Shaped Tree (Set of 2) 100cm, Metal Frame",
Artificial Conifer Tree,Artificial Cedar Pine Cypress Conifer Tree 90cm/3ft Potted Topiary Plant for Indoor Outdoor Decor,
Artificial Buxus Tree,Best Artificial 2 (TM) 90cm 3ft Cedar Conifer Spiral Topiary Trees alt Boxwood Buxus **UV Fade Protected**,
Artificial Buxus Tree,Best Artificial 90cm 3ft Cedar Conifer Spiral Topiary Tree alt Boxwood Buxus **UV Fade Protected**,
Artificial Laurel Tree,4ft Artificial Laurel Bay Plant Indoor Topiary Trees in pot Fake Plant 120cm Artificial Bay Laurel Topiary Garden Decor Green,
Artificial Laurel Tree,Best Artificial 4ft 120cm Bay Laurel Tree garden conservatory office plant (1),
Artificial Laurel Tree,"Leaf LEAF-7089 Artificial Stem Topiary Bay Tree Laurel Ball Style in Black Plastic Pot, Green Twist, 120cm (4ft)",
Artificial Laurel Tree,"Leaf LEAF-7207 Artificial Stem Topiary Bay Tree Laurel Ball Style in Black Plastic Pot, Green Twist, 90cm (3ft)",
Artificial Laurel Tree,"Leaf LEAF-7207-PAIR Pair Stem Artificial Topiary Bay Laurel Ball Trees, Green Twist, 90cm (3ft)",
Artificial Laurel Tree,Outsunny Set Of 2 90cm/3FT Artificial Bay Laurel Topiary Trees w/Pot Fake Indoor Outdoor Greenery Plant Home Office Garden Decor Green,
Artificial Christmas Trees,"artplants.de Artificial Fir tree AMOS with stand, green, 8ft/240cm, Ø 4ft/125cm – Artificial Christmas tree/Artificial Xmas tree",
Artificial Fir Tree,"artplants.de Artificial snow fir SALZBURG SPEED, snow-covered, 7ft/210cm, Ø 5ft/145cm – Plastic fir tree",
Artificial Christmas Trees,CHRISTOW Realistic Artificial Christmas Tree 6ft Luxury Frosted Alpine Fir (Lights & Decorations not included),
Artificial Christmas Trees,Everlands 7 Foot Green Grandis Fir Real Look Christmas Tree 2326 Tips,
Artificial Christmas Trees,"Kaemingk 240cm (8ft) Grandis Fir Artificial Christmas Tree (681453), Multi-coloured, 8 feet",
Artificial Christmas Trees,"Kaemingk Everlands Artificial Christmas Tree Snowy Grandis Fir, Pine Spruce Metal Fir Xmas Tips Realistic Traditional Natural Green Frosted Snowy 7ft (210cm), SGF-210",
Artificial Maple Tree,Leaf LEAF-7509 60cm Artificial Maple Bonsai Tree,
Fake Spiral Trees,2 x Artificial Topiary Boxwood Spiral Trees (3ft/90cm),
Artificial Topiary Trees,2 x Artificial Topiary Boxwood Spiral Trees (5ft/150cm),
Artificial Buxus Tree,"Artificial Buxus (Boxwood) Topiary Spiral Tree – Real Wood Trunk, suitable for Outdoor use.",
Artificial Cypress Tree,Artificial Cypress Topiary Spiral Tree – 1.2m (4ft) – UV resistant – Indoor/Outdoor Use,
Artificial Cypress Tree,Artificial Cypress Topiary Spiral Tree – 1.5m (5ft) – UV resistant – Indoor/Outdoor Use,
Fake Spiral Trees,Artificial Spiral Boxwood Topiary Trees 3ft/96cm – Best Quality (Set of 2),
Artificial Agapanthus Plants,"artplants.de Artificial agapanthus NASH, blue, 30″/75cm – Fake agapanthus",
Fake Taro Trees,"Geko Artificial Taro Tree with 3 Trunks 150cm, Green, Large, One Size",
Fake Evergreen Trees,"momoplant Artificial Indoor Plant Decor, 47inch/120cm Evergreen Taro Palm Tree for Home Office",
Artificial Cheese Plant,"artplants.de Artificial Philodendron Monstera Deliciosa ARELA, green, 33″/85cm – Artificial cheese plant/Faux monstera plant",
Artificial Cheese Plant,"artplants.de Fake Philodendron Monstera Deliciosa LASO, 4ft/120cm – Artificial cheese plant/Faux monstera plant",
Artificial Cheese Plant,"artplants.de Fake Philodendron Selloum AWEO, 3ft/95cm – Artificial cheese plant/Faux monstera plant",
Artificial Cheese Plant,"artplants.de Fake philodendron selloum SILAS, 80cm – Artificial cheese plant/Faux monstera plant",
Artificial Cheese Plant,"artplants.de Plastic Split Philodendron seedling, 4 leaves, potted, 4ft/120cm – Cheese plant/Artificial philodendron",
Artificial Cheese Plant,Garden Market Place 1.2M Tall Artificial Cheese Plant (Monstera) Complete With 34cm Granite effect planter,
Artificial Christmas Trees,CCINEE 2 Pieces 35.4″ Artificial Ivy Hanging Vine Plant Leaves Garland for Christmas Wedding Party Garden Wall Decoration,
Artificial Hanging Plants,"CQURE 24 Pack 168Ft Artificial Ivy Garland,Ivy Garland Fake vine UV Resistant Green Leaves Fake Plants Hanging Vine Plant for Wedding Party Garden Wall Decoration",
Artificial Ivy Plants,"MARTHA&IVAN Artificial Ivy –M&I Design 14 Pack 115Ft, Fake Ivy Garland Decorations,Fake Plants,Fake Vine,Vine Decoration for Wedding,Party, Garden, Home Decoration (14 Pack Ivy)",
Artificial Hanging Plants,"Mocoosy 2 Pack Artificial Hanging Plants with Baskets, Fake Hanging Ivy Vine Wall Hanging Plants Greenery for Home Garden Room Wedding Decorations",
Artificial Christmas Trees,SMALUCK 24 Pack 168 Ft Artificial Ivy Garland Fake Ivy Vine Hanging Plant for Christmas Decorations Wedding Garland Fake Foliage Flowers Home Kitchen Garden Office Wedding Wall Decor,
Artificial Hanging Plants,SPTwj 2 Pack Artificial Ivy Vine Artificial Plants Fake Ivy Hanging Home garden Office Outdoor Indoor Decor Red,
Fake Agave Plants,Artificial Plants Small Sansevieria Snake Plant with Black Plastic Planter Greenery Perfect Faux Agave Fake Plants in Pot for Home Office Indoor and Outdoo Décor (13.4″ Green/ 7 Leaves),
Fake Agave Plants,Beebel Artificial Snake Plant 22″ Fake Sansevieria Potted Plants Plastic Greenery Perfect Faux Agave Plant for Home Garden Office Store Decoration,
Fake Agave Plants,"HOMESCAPES Green Agave Americana Artificial Succulent Plant with Brown Pot, 60 cm (24″)",
Fake Agave Plants,"Nearly Natural 6565 Agave Decorative Silk Plant, Green,25x25x25",
Fake Agave Plants,"Nearly Natural Agave with Black Planter Artificial Plant, Green",
Artificial Trailing Plants,FUJIE 2 Pcs Artificial Ivy Vine Artificial Plants Fake Ivy Hanging Garland Trailing Bracket plant for Outdoor Indoor Hanging Basket Decor,
Artificial Trailing Plants,Hawesome artificial Hanging Plant Ivy Vines Trailing Plant Ivy Garland Wall Leaves Greenery Garden Decoration 1 Set without basket,
Artificial Trailing Plants,HUAESIN 2 Pcs Artificial Trailing Plants Face Trailing Ivy Plants Fake Silk Hanging Willow Leaves Ivy Vine Plastic Faux False Weeping Drooping Plants House Wedding Garden Wall In/Outdoor Decor,
Artificial Trailing Plants,HUAESIN 2 Pcs Artificial Trailing Plants Fake Fern Trailing Plants Long Faux House Plants Platic Hanging Plants Kimberly Queen Boston Fern for Wall Basket Home Garden Hanging Decor 115cm,
Artificial Trailing Plants,KingYH 2 Pack Artificial Hanging Vines Plants Plastic Fake Trailing Weeping Ivy Vine Greenery Drooping Plant for Wall Indoor Outside Garden Wedding Hanging Pot Basket Decoration,
Artificial Trailing Plants,KingYH 2 Pack Artificial Trailing Hanging Plants Green Leaves Ivy Faux Plastic Fake Hanging Garland Ivy Vine for Home Garden Wedding Wall Hanging Basket Decoration,
Artificial Wisteria Plant,Closer2Nature Artificial 5ft Lilac Wisteria Tree – Portofino Planter Not Included,
Artificial Wisteria Plant,"GreenBrokers Premium Artificial Lilac Wisteria Tree 150 cm Potted Plant, Purple",
Artificial Wisteria Plant,MJARTORIA 2 PCS Artificial Ivy Garland Fake Flowers Wisteria Hanging Vine Plants Drooping Plants Wall Hanging for Garden Home Hanging Basket Decoration Outdoor,
Artificial Wisteria Plant,MJARTORIA 2pcs Artificial Wisteria Vine Artificial Plants Fake Flowers Hanging Plant Wall Home Balcony Basket Decor for Home Decor Indoor,
Artificial Wisteria Plant,Pauwer 24 Pieces Artificial Flowers Fake Wisteria Garland Hanging Wisteria Silk Flowers for Home Decoration Weddings Home Garden Party,
Artificial Wisteria Plant,Souarts Artificial Wisteria Basket Artificial Vine Flowers for Hanging Basket Fake Hanging Flowers Simulation Flowers Vine Wedding Bouquet Home Decoration,
Fake Aloe Vera Plants,Best Artificial 60cm 2ft Aloe Vera Plant Indoor Outdoor Tropical Office Conservatory Garden Tree,
Fake Aloe Vera Plants,"Fantastic Delightful Aloe Vera Plant Excellent healing benefit – Aloe Vera Gel – Next day delivery option – Aloe Vera, Aloe vera plants, Aloe plant, Aloe Vera plant, Healing, Aloe Vera Gel, evergreen, easy care, treating burns cuts rashes, gift, plant gif",
Fake Aloe Vera Plants,"Flair Flower Succulents in Wooden Arrangement Fake Cactus Artificial Pot Green Plant Aloe Vera Flower Table Decoration, ca. 11x8x13 cm",
Fake Aloe Vera Plants,"Homescapes Lifelike Artificial Succulent Purple & Green Aloe Vera Plant in Round Decorative Black Pot, 21cm Tall for Indoor Use",
Fake Aloe Vera Plants,"Homescapes Lifelike Large Artificial Succulent Potted Aloe Vera Plant in Round Black Plastic Pot, 45cm Tall Lifelike Faux Cactus for Indoor Decoration",
Fake Aloe Vera Plants,"Homescapes Lifelike Small Artificial Succulent Potted Aloe Vera Plant in Round Black Plastic Pot, 30cm Tall Lifelike Faux Cactus for Indoor Decoration",
Fake Caladium Plant,Artificial Caladium Plant with Pot 70 cm Green and Red,
Fake Caladium Plant,"Nearly Natural Caladium Artificial Plant in Black Glossy Planter, Green",
Fake Caladium Plant,Tidyard Artificial Plant Caladium Tree with Pot Outdoor&Indoors Plant Bonsai Display in Home 70 cm Green and Red,
Fake Caladium Plant,vidaXL Artificial Caladium Plant with Pot 70cm Green and Red Lifelike Fake,
Fake Anthurium Plant,"20Pcs Artificial Anthurium Flowers Real Touch Fake Flower for Home Decor Floral Arrangements Bouquets (Red,Sunset red)",
Fake Anthurium Plant,"Artificial Calla Anthurium Plant Potted,Fake Plant Bonsai Artificial FlowerLily Faux Potted Plant with Black Pot for Home, Office, Indoor and Outdoor Occasions Decor (Color : Red)",
Fake Anthurium Plant,"artplants.de Artificial Anthurium with 3 blooms, 25 leaves, 31″/80cm – Plastic flower anthurium/Artificial plant",
Fake Anthurium Plant,"Flair Flower anthurium Pot anthurie Flamingo Exotic Blum red Plastic Plants Made of Textile Artificial Decorative Flowers, 42x20x20 cm",
Fake Anthurium Plant,"Nearly Natural 24” Mixed Anthurium (Set of 2) Artificial Plant, Red",
Fake Anthurium Plant,Nearly Natural Anthurium Artificial Terracotta Planter Silk Plants Red,
Fake Fern Plant,4 PCS Artificial Boston Fern Branches Fern Shrubs Leaf Spray Faux Greenery Artificial Plant for Home Garden Wedding Decoration Floral Arrangement,
Fake Fern Plant,DXLing 2 Pieces 80cm Fake Ferns Plants Artificial Ivy Garland Fake Boston Ferns Persian Rattan Artificial Hanging Plants Faux Plants Artificial Hanging Vines Plants for Wall Wedding Hanging Decoration,
Fake Fern Plant,"Fycooler Faux Boston Ferns,Artificial Plants Vines Hanging Leaves Artificial Greenery Garland/Wreath 190cm in Length for Wedding Backdrop Arch Wall Decorations Studio Garden Home Décor",
Fake Bush,Huaesin 4 Pieces Artificial Faux Plants,
Fake Fern Plant,JaneYi 6 Pieces Artificial Boston Fern Plant Artificial Phoenix Grass Fake Plastic Greenery Shrub Floral Arrangement Filler Leaf for DIY Indoor Outside Home Office Cafe Kitchen Balcony Garden Decor,
Fake Fern Plant,"Leaf LEAF-7050 Artificial Bird’s Nest Fern Plant Black Plastic Pot, 60cm",
Fake Dracaena Plant,"artplants.de Artificial Bush of Dracaena in decorative pot, green, 7ft/215cm – Fake dracaena/Decorative plant",
Fake Dracaena Plant,"artplants.de Artificial Dracaena marginata RADO, green-red, 6ft/180cm – Plastic dracaena/Decoration plant",
Fake Dracaena Plant,"artplants.de Artificial dracaena reflexa PHILOMENA, real trunks, green, 160cm – Faux dracaena/Imitation plant",
Fake Dracaena Plant,"artplants.de Plastic Dracaena Fragrans Compact, 4ft/120cm – Artificial Dracaena – Office Decoration",
Fake Dracaena Plant,"artplants.de Plastic Dracaena Magenta, 4ft/120cm – Artificial Dracaena – Pool Decoration",
Fake Dracaena Plant,Dracaena Janet Craig | 2 Plants | houseplant | Height 70 cm | Pot 17 cm | Easy Maintenance,
Fake Hydrangea Plant,"CattleyaHQ 4 Heads Artificial Hydrangea Flowers,Elegant Hydrangea Bouquet,Simulation Plant Decoration for Party/Wedding/Home/Kitchen (White)",
Fake Hydrangea Plant,"Decpro 6Pcs Artificial Hydrangeas, 6.6” Single Stem Hydrangea Silk Flowers for Bridal Wedding Bouquets, Home, Office, Hotel, Party Decoration, Centerpieces, Floral Arrangements (Purple)",
Fake Hydrangea Plant,"Famibay Hydrangea Fake Flowers 3 Pcs Artificial Flowers Bouquet Wedding Party Floral Décor Hydrangea Flower for Garden (3Pcs, Blue)",
Fake Hydrangea Plant,FiveSeasonStuff Real Touch Petals and Leaves Artificial Hydrangea Flowers Long Stem Floral Arrangement | for Wedding Bridal Party Home Décor DIY Floral Decoration | 2 Stems (White | Pale Green),
Fake Hydrangea Plant,"SNAILGARDEN 30 Heads Artificial Hydrangea Flower,5 Packs Silk Realistic Hydrangea Bunch Bouquet with Greeting Card for Wedding Party Decoration Arrangement Gift(White,Blue,Green,Pink,Purple)",
Fake Hydrangea Plant,"Tifuly Artificial Hydrangea Flower, 5 PCS Realistic Single Long Stem Silk 6.6 Inch Flower Head Hydrangea Bouquets for Wedding, Home, Hotel, Party Decoration, Floral Arrangement(White)",
Fake Monstera Plant,DWANCE Artificial Potted Simulation Monstera Plant with Plastic anti-stone Faux Plant Turtle Back Leaf Fake Plastic Plant for Home Office Table Kitchen Shelf Bedroom Decoration Indoor Outdoor 40cm,
Fake Monstera Plant,FloralStem 100 cm Artificial Monstera Plant Multi Branch Tropical Potted,
Fake Monstera Plant,FloralStem 100 cm Artificial Monstera Plant Tropical Potted,
Fake Monstera Plant,"Leaf Artificial Monstera Plant, 120cm",
Fake Monstera Plant,Leaf LEAF-7068 Artificial Monstera Plant 60cm Black Pot,
Fake Monstera Plant,"Leaf LEAF-7539 70cm Artificial Twisted Stem Plant, Monstera Vine",
Fake Orchid Plant,15″ Artificial Phalaenopsis Flowers Arrangement Artificial Orchid Bonsai in Silver Pot Fake Flowers Silk Orchid Flower for Table Centerpieces Living Room Home Décor,
Fake Orchid Plant,17″ Artificial Orchid Phalaenopsis Flowers Decorative Orchid Bonsai Fake Flowers Silk Orchid Flower with Silver Ceramic Pot for Table Centerpieces Living Room Home Décor,
Fake Orchid Plant,Artificial Orchid White Orchid Plant Silk Flowers Real Touch Fake Orchid Artificial Flowers Bonsai With Silver Ceramic Vase Artificial Potted Plant For Home Bedroom Kitchen Bathroom Table Decoration,
Fake Orchid Plant,Asvert Phalaenopsis Artificial Flower Orchid Bonsai with Ceramic Vase Wedding Party Home Centerpiece Decor (Pink),
Fake Orchid Plant,"Briful Artificial Flower Orchid Flowers Plant Silk Phalaenopsis in Silver Ceramic Pot for Wedding Dinning Table Centerpiece Home Decor, Pink Lifelike Fake Flower",
Fake Orchid Plant,FagusHome 32 Inches Artificial Phalaenopsis Flowers 4 Pcs with 2 bundles Leaves Artificial Orchid Flowers Stem Plants for Home Décor (White),
Fake Sansevieria Plant,"16″ Artificial Snake Plant Faux Agave Fake Sansevieria Artificial Potted Plants for Indoor and Outdoor Home Office Decor (Yellow, 16)",
Fake Sansevieria Plant,Artificial Plants Sansevieria Snake Plant with Black Plastic Planter Greenery Perfect Faux Agave Fake Plants in Pot for Home Office Indoor and Outdoo Décor (13.4″ / 7 Leaves),
Fake Agave Plants,Artificial Plants Small Sansevieria Snake Plant with Black Plastic Planter Greenery Perfect Faux Agave Fake Plants in Pot for Home Office Indoor and Outdoo Décor (13.4″ Green/ 7 Leaves),
Fake Sansevieria Plant,Artificial Sansevieria Snake Plant / Mother-in-laws Tongue – 57cm Tall,
Fake Sansevieria Plant,Artificial Snake Plants 30″ Faux Agave Fake Sansevieria Artificial Silk Plant for Home Garden Office Store Decoration 4 Pcs (Yellow),
Fake Agave Plants,Beebel Artificial Snake Plant 22″ Fake Sansevieria Potted Plants Plastic Greenery Perfect Faux Agave Plant for Home Garden Office Store Decoration,
Fake Bush,Huaesin 4 Pieces Artificial Faux Plants,
Fake Bush,Leixi 6pcs Artificial Plants,
Fake Strelitzia Plant,3 ft Artificial Bird of Paradise Plant Tropical Potted Strelitzia Flowers,
Fake Strelitzia Plant,5 ft Artificial Bird of Paradise Plant Tropical Potted Strelitzia Flowers,
Fake Strelitzia Plant,"Artificial Bird of Paradise Plant (Strelitzia) – 1.2m high, premium quality replica houseplant.",
Fake Strelitzia Plant,Artificial Potted Plant for Indoor Use Modern Plastic Decoration with Black Pot Strelitzia Tree,
Fake Strelitzia Plant,"artplants.de Artificial bird of paradise flower KUMBIA, green, 120cm – Silk Strelitzia/Fake crane flower plant",
Fake Strelitzia Plant,"artplants.de Fake plant Strelitzia PAVLOVA, green, 6ft/190cm – Silk bird of paradise/Fake crane flower plant",
Fake Tongue Plant,3ft Artificial Tree in Gloss Black Milano Pot – 1 x Mother in Law’s Tongue / Snake Plant,
Fake Sansevieria Plant,Artificial Sansevieria Snake Plant / Mother-in-laws Tongue – 57cm Tall,
Fake Sansevieria Plant,"Fycooler Artificial Plants Sansevieria,40cm Faux Snakeplant Sansevieria Laurentii Plant, Mother in Laws Tongue Plant Fake Agave Snake Plant Indoor Greenery Home Office Décor Potted Sansevieria Plant",
Fake Tongue Plant,Indoor Plant -House or Office Plant -Sansevaria – Mother in Laws Tongue Variegated- Approx 30cm Tall,
Fake Tongue Plant,"JustArtificial Artificial Sanserveria, Mother In Law’s Tongue Plant – 62cm, Variegated",
Fake Tongue Plant,"Royal Imports Artificial Sansevieria Leaf Plant, Life-Like Snake Plant Faux Mother-in-Law Tongue Tree, Dark Green in Decorative Planter – 19″ Tall",
Fake Tree Branches,"20 Pcs Artificial Eucalyptus Stems Leaves Faux Eucalyptus Leaves Branches Garland Faux Flowers Plants for Flower Arrangement, Wedding, Home, Garden, Table Centerpiece, Party Decoration",
Artificial Eucalyptus Plant,"2Pcs Artificial Potted Plants Fake Vine Hanging Leaves, Faux Plants Artificial Eucalyptus Vine in Pot Room Scenes Decorative Home Kitchen Garden Office Wedding Wall Decoration",
Artificial Eucalyptus Plant,Artificial Eucalyptus Tree Decorative Indoor Plastic Faux Plants 120cm,
Fake Tree Branches,"Beferr 12 Pcs Artificial Eucalyptus Stems Leaves Faux Eucalyptus Branches, Artificial Flowers Greenery for Flower Arrangement, Home Wedding Party Decoration – Green",
Artificial Eucalyptus Plant,"Belle Vous Mini Potted Artificial Eucalyptus Plants (3 Pack) – Small Faux Plastic Greenery In Pots – Fake Indoor Plants for Office Desk, Home, Kitchen, Garden, Table & Bathroom/Shower Room Decoration",
Artificial Eucalyptus Plant,"Briful 3 Packs Small Artificial Plants Fake Plants in Cement Pots, Decorative Artificial Plants Eucalyptus Artificial Grass for Bedroom Bathroom Shelf Home Decoration",
Fake Yucca Plants,"Artificial Silk Yucca Stem Plant – 120cm, Red",
Fake Yucca Plants,"artplants.de Plastic Yucca Shrub KEYLA DELUXE, 28″/70cm -Artificial Yucca palm/fake palm tree",
Fake Yucca Plants,Closer to Nature Artificial 2ft 1″ Yucca Plant – Artificial Silk Plant and Tree Range,
Fake Yucca Plants,Indoor Plant -House or Office Plant -Yucca elephantipes – Spineless Yucca 80cms Tall,
Fake Yucca Plants,"Large Yucca House Plant Easy to Grow and Undemanding Spineless Yucca, Long Lasting, 1 x Yucca Elephantipes Plant in a 17cm Pot by Thompson and Morgan",
Fake Yucca Plants,LJY 2 Pieces Realistic Artificial Faux Succulent Yucca Vera Greenhouse Small Plants Unpotted for Home Garden Decoration (Spring Green),
